<Fragment xmlns:r="ddi:reusable:3_2" xmlns="ddi:instance:3_2">
  <StudyUnit isUniversallyUnique="true" versionDate="2019-01-17T23:28:18.3804086Z" xmlns="ddi:studyunit:3_2">
    <r:URN>urn:ddi:midus.wisc.edu:2bdf9141-eab4-4784-919e-efe9b408f9c8:170</r:URN>
    <r:Agency>midus.wisc.edu</r:Agency>
    <r:ID>2bdf9141-eab4-4784-919e-efe9b408f9c8</r:ID>
    <r:Version>170</r:Version>
    <r:UserID typeOfUserID="ICPSR Persistent URL">http://dx.doi.org/10.3886/ICPSR02760</r:UserID>
    <r:UserAttributePair>
      <r:AttributeKey>extension:CustomField</r:AttributeKey>
      <r:AttributeValue>{"Title":{"en-US":"TESTESTEST"},"Description":{},"ValueType":0,"HasValue":false,"RelationshipTargetType":"00000000-0000-0000-0000-000000000000","MultilingualStringValue":{},"HasDefinedType":false,"DisplayLabel":"TESTESTEST"}</r:AttributeValue>
    </r:UserAttributePair>
    <r:VersionResponsibility>BRIDGIT\jeremy</r:VersionResponsibility>
    <r:Citation>
      <r:Title>
        <r:String xml:lang="en-US">MIDUS 1 Project 1</r:String>
      </r:Title>
      <r:SubTitle>
        <r:String xml:lang="en-US">1995 - 1996</r:String>
      </r:SubTitle>
      <r:InternationalIdentifier>
        <r:IdentifierContent>http://dx.doi.org/10.3886/ICPSR02760</r:IdentifierContent>
        <r:ManagingAgency>Unspecified</r:ManagingAgency>
      </r:InternationalIdentifier>
    </r:Citation>
    <r:Abstract>
      <r:Content xml:lang="en-US">The Midlife in the United States (MIDUS) study is a collaborative, interdisciplinary investigation of patterns, predictors, and consequences of midlife development in the areas of physical health, psychological well-being, social responsibility, and many other topics.

The first wave of the MIDUS study (MIDUS 1 or M1) collected survey data from a total of 7,108 participants. The baseline sample was comprised of individuals from four subsamples: (1) a national RDD (random digit dialing) sample (n=3,487); (2) oversamples from five metropolitan areas in the U.S. (n=757); (3) siblings of individuals from the RDD sample (n=950); and (4) a national RDD sample of twin pairs (n=1,914). All eligible participants were non-institutionalized, English-speaking adults in the coterminous United States, aged 25 to 74. Data from the above samples were collected primarily in 1995/96.

The survey (Project 1) dataset contains responses from a 30-minute Phone interview and two 50-page Self-Administered Questionnaire (SAQ) instruments. Of the 7,108 respondents who completed the Phone interview, 6,325 also completed the SAQ. Respondents were asked to provide extensive information on their physical and mental health throughout their adult lives, and to assess the ways in which their lifestyles, including relationships and work-related demands, contributed to the conditions experienced. 

The most current version of the M1 survey data includes:

* A set of weight variables for the national RDD sample;
*  separate dataset containing the coded text and/or verbatim responses to open-ended questions in the Phone and SAQ; 
*  separate dataset containing responses to a Twin Screener instrument that was used at baseline to identify the first national sample of twin pairs ascertained randomly via the telephone.


The M1 wave also conducted other data collection on subsamples of the Project 1 sample. Project 2 (#3725) collected diary data about daily experiences and stress, while Project 3 (#3596) collected data cognition data.</r:Content>
    </r:Abstract>
    <r:SeriesStatement>
      <r:SeriesName>
        <r:String xml:lang="en-US">Unknown</r:String>
      </r:SeriesName>
    </r:SeriesStatement>
    <r:OtherMaterial isUniversallyUnique="true">
      <r:URN>urn:ddi:midus.wisc.edu:e0ae130e-2d46-4e7f-b4fa-f2f0ffabc93e:170</r:URN>
      <r:Agency>midus.wisc.edu</r:Agency>
      <r:ID>e0ae130e-2d46-4e7f-b4fa-f2f0ffabc93e</r:ID>
      <r:Version>170</r:Version>
      <r:TypeOfMaterial>Documentation</r:TypeOfMaterial>
      <r:Citation>
        <r:Title>
          <r:String xml:lang="en-US">README</r:String>
        </r:Title>
      </r:Citation>
      <r:ExternalURLReference>https://www.icpsr.umich.edu/icpsrweb/ICPSR/studies/2760/versions/V12/datasets/0/files/1245174/downloadDoc/doc?path=/pcms/studies/0/0/2/7/02760/V12/files/1245174</r:ExternalURLReference>
      <r:MIMEType>application/pdf; name="02760-Documentation-readme.pdf"</r:MIMEType>
    </r:OtherMaterial>
    <r:OtherMaterial isUniversallyUnique="true">
      <r:URN>urn:ddi:midus.wisc.edu:ec854fa0-1cbd-473e-a8f8-d4283523ed7e:170</r:URN>
      <r:Agency>midus.wisc.edu</r:Agency>
      <r:ID>ec854fa0-1cbd-473e-a8f8-d4283523ed7e</r:ID>
      <r:Version>170</r:Version>
      <r:TypeOfMaterial>Documentation</r:TypeOfMaterial>
      <r:Citation>
        <r:Title>
          <r:String xml:lang="en-US">Description of MIDUS Samples</r:String>
        </r:Title>
      </r:Citation>
      <r:ExternalURLReference>https://www.icpsr.umich.edu/cgi-bin/file?comp=none&amp;study=2760&amp;ds=0&amp;file_id=1245175&amp;path=ICPSR</r:ExternalURLReference>
      <r:MIMEType>application/pdf; name="02760-Documentation-sampdesc.pdf"</r:MIMEType>
    </r:OtherMaterial>
    <r:OtherMaterial isUniversallyUnique="true">
      <r:URN>urn:ddi:midus.wisc.edu:a0ad6e47-d8cb-4d70-93e3-db9a232c2390:170</r:URN>
      <r:Agency>midus.wisc.edu</r:Agency>
      <r:ID>a0ad6e47-d8cb-4d70-93e3-db9a232c2390</r:ID>
      <r:Version>170</r:Version>
      <r:TypeOfMaterial>Documentation</r:TypeOfMaterial>
      <r:Citation>
        <r:Title>
          <r:String xml:lang="en-US">Documentation of Age at M1 and M2</r:String>
        </r:Title>
      </r:Citation>
      <r:ExternalURLReference>https://www.icpsr.umich.edu/cgi-bin/file?comp=none&amp;study=2760&amp;ds=1&amp;file_id=1245169&amp;path=ICPSR</r:ExternalURLReference>
      <r:MIMEType>application/pdf; name="02760-0001-Documentation-age.pdf"</r:MIMEType>
    </r:OtherMaterial>
    <r:OtherMaterial isUniversallyUnique="true">
      <r:URN>urn:ddi:midus.wisc.edu:de1292a1-9583-4302-93e5-ab6776181211:170</r:URN>
      <r:Agency>midus.wisc.edu</r:Agency>
      <r:ID>de1292a1-9583-4302-93e5-ab6776181211</r:ID>
      <r:Version>170</r:Version>
      <r:TypeOfMaterial>Documentation</r:TypeOfMaterial>
      <r:Citation>
        <r:Title>
          <r:String xml:lang="en-US">Index of Scales and Constructed Variables</r:String>
        </r:Title>
      </r:Citation>
      <r:ExternalURLReference>https://www.icpsr.umich.edu/cgi-bin/file?comp=none&amp;study=2760&amp;ds=1&amp;file_id=1245170&amp;path=ICPSR</r:ExternalURLReference>
      <r:MIMEType>application/pdf; name="02760-0001-Documentation-convars.pdf"</r:MIMEType>
    </r:OtherMaterial>
    <r:OtherMaterial isUniversallyUnique="true">
      <r:URN>urn:ddi:midus.wisc.edu:88594d22-da9f-4874-b10f-e7b02dedbfb7:170</r:URN>
      <r:Agency>midus.wisc.edu</r:Agency>
      <r:ID>88594d22-da9f-4874-b10f-e7b02dedbfb7</r:ID>
      <r:Version>170</r:Version>
      <r:TypeOfMaterial>Documentation</r:TypeOfMaterial>
      <r:Citation>
        <r:Title>
          <r:String xml:lang="en-US">Occupational Variables</r:String>
        </r:Title>
      </r:Citation>
      <r:ExternalURLReference>https://www.icpsr.umich.edu/cgi-bin/file?comp=none&amp;study=2760&amp;ds=1&amp;file_id=1245171&amp;path=ICPSR</r:ExternalURLReference>
      <r:MIMEType>application/pdf; name="02760-0001-Documentation-occup.pdf"</r:MIMEType>
    </r:OtherMaterial>
    <r:OtherMaterial isUniversallyUnique="true">
      <r:URN>urn:ddi:midus.wisc.edu:9a5fa585-7d4f-4815-9b22-3f3b77f90729:170</r:URN>
      <r:Agency>midus.wisc.edu</r:Agency>
      <r:ID>9a5fa585-7d4f-4815-9b22-3f3b77f90729</r:ID>
      <r:Version>170</r:Version>
      <r:TypeOfMaterial>Documentation</r:TypeOfMaterial>
      <r:Citation>
        <r:Title>
          <r:String xml:lang="en-US">Documentation of Scales and Constructed Variables</r:String>
        </r:Title>
      </r:Citation>
      <r:ExternalURLReference>https://www.icpsr.umich.edu/cgi-bin/file?comp=none&amp;study=2760&amp;ds=1&amp;file_id=1245172&amp;path=ICPSR</r:ExternalURLReference>
      <r:MIMEType>application/pdf; name="02760-0001-Documentation-scales.pdf"</r:MIMEType>
    </r:OtherMaterial>
    <r:OtherMaterial isUniversallyUnique="true">
      <r:URN>urn:ddi:midus.wisc.edu:b5655113-98a0-4767-ad6e-7a682c36b775:170</r:URN>
      <r:Agency>midus.wisc.edu</r:Agency>
      <r:ID>b5655113-98a0-4767-ad6e-7a682c36b775</r:ID>
      <r:Version>170</r:Version>
      <r:TypeOfMaterial>Documentation</r:TypeOfMaterial>
      <r:Citation>
        <r:Title>
          <r:String xml:lang="en-US">Field Report (DataStat)</r:String>
        </r:Title>
      </r:Citation>
      <r:ExternalURLReference>https://www.icpsr.umich.edu/cgi-bin/file?comp=none&amp;study=2760&amp;ds=1&amp;file_id=1245173&amp;path=ICPSR</r:ExternalURLReference>
      <r:MIMEType>application/pdf; name="02760-0001-Documentation-techrpt.pdf"</r:MIMEType>
    </r:OtherMaterial>
    <r:OtherMaterial isUniversallyUnique="true">
      <r:URN>urn:ddi:midus.wisc.edu:7c4fda29-b184-4deb-9c23-65fa5f50cd74:170</r:URN>
      <r:Agency>midus.wisc.edu</r:Agency>
      <r:ID>7c4fda29-b184-4deb-9c23-65fa5f50cd74</r:ID>
      <r:Version>170</r:Version>
      <r:TypeOfMaterial>Documentation</r:TypeOfMaterial>
      <r:Citation>
        <r:Title>
          <r:String xml:lang="en-US">Technical Report (Response Rate and Weighting)</r:String>
        </r:Title>
      </r:Citation>
      <r:ExternalURLReference>https://www.icpsr.umich.edu/cgi-bin/file?comp=none&amp;study=2760&amp;ds=3&amp;file_id=1245176&amp;path=ICPSR</r:ExternalURLReference>
      <r:MIMEType>application/pdf; name="02760-0003-Documentation-techrpt_method_MULTI.pdf"</r:MIMEType>
    </r:OtherMaterial>
    <r:OtherMaterial isUniversallyUnique="true">
      <r:URN>urn:ddi:midus.wisc.edu:a80b9f9b-cb76-402e-859b-6162dd984216:170</r:URN>
      <r:Agency>midus.wisc.edu</r:Agency>
      <r:ID>a80b9f9b-cb76-402e-859b-6162dd984216</r:ID>
      <r:Version>170</r:Version>
      <r:TypeOfMaterial>Questionnaires/Instruments</r:TypeOfMaterial>
      <r:Citation>
        <r:Title>
          <r:String xml:lang="en-US">Phone Interview</r:String>
        </r:Title>
      </r:Citation>
      <r:ExternalURLReference>https://www.icpsr.umich.edu/cgi-bin/file?comp=none&amp;study=2760&amp;ds=1&amp;file_id=1245177&amp;path=ICPSR</r:ExternalURLReference>
      <r:MIMEType>application/pdf; name="02760-0001-Questionnaire-phone.pdf"</r:MIMEType>
    </r:OtherMaterial>
    <r:OtherMaterial isUniversallyUnique="true">
      <r:URN>urn:ddi:midus.wisc.edu:19ecca71-78de-473d-9638-acec4a197303:170</r:URN>
      <r:Agency>midus.wisc.edu</r:Agency>
      <r:ID>19ecca71-78de-473d-9638-acec4a197303</r:ID>
      <r:Version>170</r:Version>
      <r:TypeOfMaterial>Questionnaires/Instruments</r:TypeOfMaterial>
      <r:Citation>
        <r:Title>
          <r:String xml:lang="en-US">SAQ</r:String>
        </r:Title>
      </r:Citation>
      <r:ExternalURLReference>https://www.icpsr.umich.edu/cgi-bin/file?comp=none&amp;study=2760&amp;ds=1&amp;file_id=1245178&amp;path=ICPSR</r:ExternalURLReference>
      <r:MIMEType>application/pdf; name="02760-0001-Questionnaire-saq.pdf"</r:MIMEType>
    </r:OtherMaterial>
    <r:OtherMaterial isUniversallyUnique="true">
      <r:URN>urn:ddi:midus.wisc.edu:9c6b7285-6488-41c6-81df-bf5af19733f4:170</r:URN>
      <r:Agency>midus.wisc.edu</r:Agency>
      <r:ID>9c6b7285-6488-41c6-81df-bf5af19733f4</r:ID>
      <r:Version>170</r:Version>
      <r:TypeOfMaterial>Questionnaires/Instruments</r:TypeOfMaterial>
      <r:Citation>
        <r:Title>
          <r:String xml:lang="en-US">Twin Screener Questionnaire</r:String>
        </r:Title>
      </r:Citation>
      <r:ExternalURLReference>https://www.icpsr.umich.edu/cgi-bin/file?comp=none&amp;study=2760&amp;ds=4&amp;file_id=1245179&amp;path=ICPSR</r:ExternalURLReference>
      <r:MIMEType>application/pdf; name="02760-0004-Questionnaire-twinscr.pdf"</r:MIMEType>
    </r:OtherMaterial>
    <r:PhysicalInstanceReference>
      <r:Agency>midus.wisc.edu</r:Agency>
      <r:ID>6c13c573-080c-4dca-81a7-e989800cc4e0</r:ID>
      <r:Version>125</r:Version>
      <r:TypeOfObject>PhysicalInstance</r:TypeOfObject>
    </r:PhysicalInstanceReference>
  </StudyUnit>
</Fragment>